"","species","interactions","outdegree","rep"
"1","Plant1",6,38,1
"2","Plant10",4,2,1
"3","Plant11",12,13,1
"4","Plant12",3,11,1
"5","Plant13",3,2,1
"6","Plant14",1,1,1
"7","Plant2",50,18,1
"8","Plant3",27,16,1
"9","Plant4",11,13,1
"10","Plant5",3,11,1
"11","Plant6",22,6,1
"12","Plant7",6,1,1
"13","Plant8",9,9,1
"14","Plant9",6,10,1
"15","Plant1",6,31,2
"16","Plant10",4,3,2
"17","Plant11",12,12,2
"18","Plant12",3,5,2
"19","Plant13",3,8,2
"20","Plant14",1,1,2
"21","Plant2",50,21,2
"22","Plant3",27,12,2
"23","Plant4",11,9,2
"24","Plant5",3,14,2
"25","Plant6",22,13,2
"26","Plant7",6,1,2
"27","Plant8",9,10,2
"28","Plant9",6,5,2
"29","Plant1",6,42,3
"30","Plant10",4,5,3
"31","Plant11",12,5,3
"32","Plant12",3,7,3
"33","Plant13",3,3,3
"34","Plant14",1,1,3
"35","Plant2",50,20,3
"36","Plant3",27,13,3
"37","Plant4",11,10,3
"38","Plant5",3,8,3
"39","Plant6",22,10,3
"40","Plant7",6,2,3
"41","Plant8",9,14,3
"42","Plant9",6,10,3
"43","Plant1",6,42,4
"44","Plant10",4,6,4
"45","Plant11",12,8,4
"46","Plant12",3,6,4
"47","Plant13",3,2,4
"48","Plant14",1,1,4
"49","Plant2",50,22,4
"50","Plant3",27,10,4
"51","Plant4",11,11,4
"52","Plant5",3,10,4
"53","Plant6",22,8,4
"54","Plant7",6,1,4
"55","Plant8",9,7,4
"56","Plant9",6,9,4
"57","Plant1",6,45,5
"58","Plant10",4,6,5
"59","Plant11",12,7,5
"60","Plant12",3,8,5
"61","Plant13",3,6,5
"62","Plant14",1,1,5
"63","Plant2",50,10,5
"64","Plant3",27,10,5
"65","Plant4",11,16,5
"66","Plant5",3,11,5
"67","Plant6",22,11,5
"68","Plant7",6,1,5
"69","Plant8",9,11,5
"70","Plant9",6,9,5
"71","Plant1",6,31,6
"72","Plant10",4,9,6
"73","Plant11",12,8,6
"74","Plant12",3,2,6
"75","Plant13",3,2,6
"76","Plant14",1,4,6
"77","Plant2",50,14,6
"78","Plant3",27,16,6
"79","Plant4",11,16,6
"80","Plant5",3,12,6
"81","Plant6",22,11,6
"82","Plant7",6,3,6
"83","Plant8",9,10,6
"84","Plant9",6,7,6
"85","Plant1",6,39,7
"86","Plant10",4,6,7
"87","Plant11",12,9,7
"88","Plant12",3,5,7
"89","Plant13",3,5,7
"90","Plant14",1,1,7
"91","Plant2",50,20,7
"92","Plant3",27,17,7
"93","Plant4",11,10,7
"94","Plant5",3,14,7
"95","Plant6",22,11,7
"96","Plant7",6,2,7
"97","Plant8",9,15,7
"98","Plant9",6,7,7
"99","Plant1",6,41,8
"100","Plant10",4,4,8
"101","Plant11",12,11,8
"102","Plant12",3,9,8
"103","Plant13",3,1,8
"104","Plant14",1,1,8
"105","Plant2",50,21,8
"106","Plant3",27,9,8
"107","Plant4",11,17,8
"108","Plant5",3,9,8
"109","Plant6",22,10,8
"110","Plant7",6,4,8
"111","Plant8",9,4,8
"112","Plant9",6,6,8
"113","Plant1",6,33,9
"114","Plant10",4,6,9
"115","Plant11",12,9,9
"116","Plant12",3,4,9
"117","Plant13",3,3,9
"118","Plant14",1,3,9
"119","Plant2",50,18,9
"120","Plant3",27,13,9
"121","Plant4",11,10,9
"122","Plant5",3,10,9
"123","Plant6",22,9,9
"124","Plant7",6,1,9
"125","Plant8",9,4,9
"126","Plant9",6,12,9
"127","Plant1",6,49,10
"128","Plant10",4,3,10
"129","Plant11",12,6,10
"130","Plant12",3,2,10
"131","Plant13",3,2,10
"132","Plant14",1,1,10
"133","Plant2",50,14,10
"134","Plant3",27,12,10
"135","Plant4",11,13,10
"136","Plant5",3,10,10
"137","Plant6",22,9,10
"138","Plant7",6,2,10
"139","Plant8",9,6,10
"140","Plant9",6,11,10
"141","Plant1",6,41,11
"142","Plant10",4,4,11
"143","Plant11",12,12,11
"144","Plant12",3,8,11
"145","Plant13",3,2,11
"146","Plant14",1,0,11
"147","Plant2",50,20,11
"148","Plant3",27,12,11
"149","Plant4",11,16,11
"150","Plant5",3,17,11
"151","Plant6",22,14,11
"152","Plant7",6,1,11
"153","Plant8",9,7,11
"154","Plant9",6,2,11
"155","Plant1",6,37,12
"156","Plant10",4,2,12
"157","Plant11",12,11,12
"158","Plant12",3,11,12
"159","Plant13",3,5,12
"160","Plant14",1,1,12
"161","Plant2",50,20,12
"162","Plant3",27,15,12
"163","Plant4",11,11,12
"164","Plant5",3,14,12
"165","Plant6",22,8,12
"166","Plant7",6,2,12
"167","Plant8",9,9,12
"168","Plant9",6,6,12
"169","Plant1",6,38,13
"170","Plant10",4,11,13
"171","Plant11",12,8,13
"172","Plant12",3,9,13
"173","Plant13",3,3,13
"174","Plant14",1,1,13
"175","Plant2",50,21,13
"176","Plant3",27,12,13
"177","Plant4",11,13,13
"178","Plant5",3,11,13
"179","Plant6",22,10,13
"180","Plant7",6,4,13
"181","Plant8",9,6,13
"182","Plant9",6,8,13
"183","Plant1",6,37,14
"184","Plant10",4,10,14
"185","Plant11",12,7,14
"186","Plant12",3,10,14
"187","Plant13",3,2,14
"188","Plant14",1,1,14
"189","Plant2",50,14,14
"190","Plant3",27,14,14
"191","Plant4",11,11,14
"192","Plant5",3,15,14
"193","Plant6",22,14,14
"194","Plant7",6,2,14
"195","Plant8",9,10,14
"196","Plant9",6,7,14
"197","Plant1",6,40,15
"198","Plant10",4,6,15
"199","Plant11",12,6,15
"200","Plant12",3,7,15
"201","Plant13",3,4,15
"202","Plant14",1,1,15
"203","Plant2",50,14,15
"204","Plant3",27,9,15
"205","Plant4",11,11,15
"206","Plant5",3,13,15
"207","Plant6",22,8,15
"208","Plant7",6,1,15
"209","Plant8",9,8,15
"210","Plant9",6,4,15
"211","Plant1",6,51,16
"212","Plant10",4,5,16
"213","Plant11",12,5,16
"214","Plant12",3,8,16
"215","Plant13",3,3,16
"216","Plant14",1,1,16
"217","Plant2",50,16,16
"218","Plant3",27,13,16
"219","Plant4",11,7,16
"220","Plant5",3,10,16
"221","Plant6",22,4,16
"222","Plant7",6,1,16
"223","Plant8",9,12,16
"224","Plant9",6,6,16
"225","Plant1",6,38,17
"226","Plant10",4,5,17
"227","Plant11",12,10,17
"228","Plant12",3,4,17
"229","Plant13",3,1,17
"230","Plant14",1,4,17
"231","Plant2",50,13,17
"232","Plant3",27,14,17
"233","Plant4",11,13,17
"234","Plant5",3,16,17
"235","Plant6",22,15,17
"236","Plant7",6,3,17
"237","Plant8",9,13,17
"238","Plant9",6,9,17
"239","Plant1",6,45,18
"240","Plant10",4,6,18
"241","Plant11",12,10,18
"242","Plant12",3,7,18
"243","Plant13",3,4,18
"244","Plant14",1,1,18
"245","Plant2",50,18,18
"246","Plant3",27,18,18
"247","Plant4",11,13,18
"248","Plant5",3,12,18
"249","Plant6",22,3,18
"250","Plant7",6,1,18
"251","Plant8",9,6,18
"252","Plant9",6,7,18
"253","Plant1",6,48,19
"254","Plant10",4,4,19
"255","Plant11",12,15,19
"256","Plant12",3,7,19
"257","Plant13",3,2,19
"258","Plant14",1,3,19
"259","Plant2",50,13,19
"260","Plant3",27,9,19
"261","Plant4",11,14,19
"262","Plant5",3,10,19
"263","Plant6",22,11,19
"264","Plant7",6,2,19
"265","Plant8",9,14,19
"266","Plant9",6,9,19
"267","Plant1",6,47,20
"268","Plant10",4,4,20
"269","Plant11",12,11,20
"270","Plant12",3,6,20
"271","Plant13",3,6,20
"272","Plant14",1,4,20
"273","Plant2",50,14,20
"274","Plant3",27,11,20
"275","Plant4",11,9,20
"276","Plant5",3,11,20
"277","Plant6",22,8,20
"278","Plant7",6,0,20
"279","Plant8",9,13,20
"280","Plant9",6,6,20
"281","Plant1",6,44,21
"282","Plant10",4,3,21
"283","Plant11",12,5,21
"284","Plant12",3,5,21
"285","Plant13",3,5,21
"286","Plant14",1,4,21
"287","Plant2",50,10,21
"288","Plant3",27,12,21
"289","Plant4",11,8,21
"290","Plant5",3,10,21
"291","Plant6",22,17,21
"292","Plant7",6,4,21
"293","Plant8",9,7,21
"294","Plant9",6,11,21
"295","Plant1",6,40,22
"296","Plant10",4,6,22
"297","Plant11",12,9,22
"298","Plant12",3,7,22
"299","Plant13",3,4,22
"300","Plant14",1,3,22
"301","Plant2",50,19,22
"302","Plant3",27,7,22
"303","Plant4",11,15,22
"304","Plant5",3,10,22
"305","Plant6",22,12,22
"306","Plant7",6,1,22
"307","Plant8",9,12,22
"308","Plant9",6,7,22
"309","Plant1",6,41,23
"310","Plant10",4,5,23
"311","Plant11",12,10,23
"312","Plant12",3,7,23
"313","Plant13",3,3,23
"314","Plant14",1,3,23
"315","Plant2",50,12,23
"316","Plant3",27,19,23
"317","Plant4",11,10,23
"318","Plant5",3,15,23
"319","Plant6",22,5,23
"320","Plant7",6,2,23
"321","Plant8",9,10,23
"322","Plant9",6,10,23
"323","Plant1",6,43,24
"324","Plant10",4,4,24
"325","Plant11",12,10,24
"326","Plant12",3,5,24
"327","Plant13",3,3,24
"328","Plant14",1,3,24
"329","Plant2",50,25,24
"330","Plant3",27,17,24
"331","Plant4",11,9,24
"332","Plant5",3,11,24
"333","Plant6",22,6,24
"334","Plant7",6,0,24
"335","Plant8",9,9,24
"336","Plant9",6,10,24
"337","Plant1",6,38,25
"338","Plant10",4,5,25
"339","Plant11",12,11,25
"340","Plant12",3,7,25
"341","Plant13",3,5,25
"342","Plant14",1,3,25
"343","Plant2",50,21,25
"344","Plant3",27,14,25
"345","Plant4",11,22,25
"346","Plant5",3,20,25
"347","Plant6",22,12,25
"348","Plant7",6,3,25
"349","Plant8",9,6,25
"350","Plant9",6,7,25
"351","Plant1",6,44,26
"352","Plant10",4,5,26
"353","Plant11",12,13,26
"354","Plant12",3,9,26
"355","Plant13",3,3,26
"356","Plant14",1,1,26
"357","Plant2",50,10,26
"358","Plant3",27,20,26
"359","Plant4",11,8,26
"360","Plant5",3,14,26
"361","Plant6",22,9,26
"362","Plant7",6,1,26
"363","Plant8",9,12,26
"364","Plant9",6,10,26
"365","Plant1",6,39,27
"366","Plant10",4,9,27
"367","Plant11",12,9,27
"368","Plant12",3,5,27
"369","Plant13",3,1,27
"370","Plant14",1,2,27
"371","Plant2",50,13,27
"372","Plant3",27,14,27
"373","Plant4",11,11,27
"374","Plant5",3,13,27
"375","Plant6",22,11,27
"376","Plant7",6,1,27
"377","Plant8",9,8,27
"378","Plant9",6,6,27
"379","Plant1",6,42,28
"380","Plant10",4,6,28
"381","Plant11",12,8,28
"382","Plant12",3,4,28
"383","Plant13",3,1,28
"384","Plant14",1,3,28
"385","Plant2",50,14,28
"386","Plant3",27,14,28
"387","Plant4",11,18,28
"388","Plant5",3,5,28
"389","Plant6",22,13,28
"390","Plant7",6,1,28
"391","Plant8",9,9,28
"392","Plant9",6,8,28
"393","Plant1",6,42,29
"394","Plant10",4,2,29
"395","Plant11",12,11,29
"396","Plant12",3,5,29
"397","Plant13",3,4,29
"398","Plant14",1,0,29
"399","Plant2",50,15,29
"400","Plant3",27,15,29
"401","Plant4",11,6,29
"402","Plant5",3,10,29
"403","Plant6",22,7,29
"404","Plant7",6,1,29
"405","Plant8",9,8,29
"406","Plant9",6,9,29
"407","Plant1",6,42,30
"408","Plant10",4,7,30
"409","Plant11",12,8,30
"410","Plant12",3,6,30
"411","Plant13",3,0,30
"412","Plant14",1,0,30
"413","Plant2",50,19,30
"414","Plant3",27,13,30
"415","Plant4",11,9,30
"416","Plant5",3,10,30
"417","Plant6",22,16,30
"418","Plant7",6,3,30
"419","Plant8",9,4,30
"420","Plant9",6,10,30
"421","Plant1",6,37,31
"422","Plant10",4,8,31
"423","Plant11",12,11,31
"424","Plant12",3,12,31
"425","Plant13",3,2,31
"426","Plant14",1,3,31
"427","Plant2",50,20,31
"428","Plant3",27,17,31
"429","Plant4",11,17,31
"430","Plant5",3,10,31
"431","Plant6",22,15,31
"432","Plant7",6,2,31
"433","Plant8",9,3,31
"434","Plant9",6,9,31
"435","Plant1",6,38,32
"436","Plant10",4,2,32
"437","Plant11",12,8,32
"438","Plant12",3,8,32
"439","Plant13",3,4,32
"440","Plant14",1,1,32
"441","Plant2",50,20,32
"442","Plant3",27,10,32
"443","Plant4",11,14,32
"444","Plant5",3,13,32
"445","Plant6",22,14,32
"446","Plant7",6,1,32
"447","Plant8",9,4,32
"448","Plant9",6,8,32
"449","Plant1",6,31,33
"450","Plant10",4,5,33
"451","Plant11",12,7,33
"452","Plant12",3,6,33
"453","Plant13",3,8,33
"454","Plant14",1,1,33
"455","Plant2",50,21,33
"456","Plant3",27,9,33
"457","Plant4",11,12,33
"458","Plant5",3,11,33
"459","Plant6",22,11,33
"460","Plant7",6,0,33
"461","Plant8",9,7,33
"462","Plant9",6,14,33
"463","Plant1",6,36,34
"464","Plant10",4,4,34
"465","Plant11",12,11,34
"466","Plant12",3,6,34
"467","Plant13",3,2,34
"468","Plant14",1,3,34
"469","Plant2",50,18,34
"470","Plant3",27,14,34
"471","Plant4",11,14,34
"472","Plant5",3,9,34
"473","Plant6",22,12,34
"474","Plant7",6,0,34
"475","Plant8",9,10,34
"476","Plant9",6,12,34
"477","Plant1",6,45,35
"478","Plant10",4,8,35
"479","Plant11",12,7,35
"480","Plant12",3,4,35
"481","Plant13",3,3,35
"482","Plant14",1,1,35
"483","Plant2",50,12,35
"484","Plant3",27,10,35
"485","Plant4",11,17,35
"486","Plant5",3,9,35
"487","Plant6",22,14,35
"488","Plant7",6,1,35
"489","Plant8",9,6,35
"490","Plant9",6,4,35
"491","Plant1",6,43,36
"492","Plant10",4,4,36
"493","Plant11",12,14,36
"494","Plant12",3,5,36
"495","Plant13",3,2,36
"496","Plant14",1,2,36
"497","Plant2",50,19,36
"498","Plant3",27,14,36
"499","Plant4",11,11,36
"500","Plant5",3,11,36
"501","Plant6",22,12,36
"502","Plant7",6,1,36
"503","Plant8",9,6,36
"504","Plant9",6,12,36
"505","Plant1",6,40,37
"506","Plant10",4,2,37
"507","Plant11",12,11,37
"508","Plant12",3,6,37
"509","Plant13",3,2,37
"510","Plant14",1,3,37
"511","Plant2",50,16,37
"512","Plant3",27,11,37
"513","Plant4",11,14,37
"514","Plant5",3,19,37
"515","Plant6",22,8,37
"516","Plant7",6,1,37
"517","Plant8",9,6,37
"518","Plant9",6,7,37
"519","Plant1",6,39,38
"520","Plant10",4,5,38
"521","Plant11",12,15,38
"522","Plant12",3,7,38
"523","Plant13",3,4,38
"524","Plant14",1,2,38
"525","Plant2",50,13,38
"526","Plant3",27,13,38
"527","Plant4",11,15,38
"528","Plant5",3,10,38
"529","Plant6",22,8,38
"530","Plant7",6,2,38
"531","Plant8",9,4,38
"532","Plant9",6,9,38
"533","Plant1",6,28,39
"534","Plant10",4,3,39
"535","Plant11",12,7,39
"536","Plant12",3,11,39
"537","Plant13",3,5,39
"538","Plant14",1,0,39
"539","Plant2",50,22,39
"540","Plant3",27,9,39
"541","Plant4",11,17,39
"542","Plant5",3,13,39
"543","Plant6",22,10,39
"544","Plant7",6,3,39
"545","Plant8",9,11,39
"546","Plant9",6,10,39
"547","Plant1",6,42,40
"548","Plant10",4,4,40
"549","Plant11",12,14,40
"550","Plant12",3,1,40
"551","Plant13",3,1,40
"552","Plant14",1,1,40
"553","Plant2",50,15,40
"554","Plant3",27,10,40
"555","Plant4",11,13,40
"556","Plant5",3,11,40
"557","Plant6",22,12,40
"558","Plant7",6,2,40
"559","Plant8",9,9,40
"560","Plant9",6,3,40
"561","Plant1",6,39,41
"562","Plant10",4,2,41
"563","Plant11",12,7,41
"564","Plant12",3,8,41
"565","Plant13",3,3,41
"566","Plant14",1,1,41
"567","Plant2",50,23,41
"568","Plant3",27,15,41
"569","Plant4",11,14,41
"570","Plant5",3,11,41
"571","Plant6",22,14,41
"572","Plant7",6,1,41
"573","Plant8",9,8,41
"574","Plant9",6,8,41
"575","Plant1",6,32,42
"576","Plant10",4,3,42
"577","Plant11",12,9,42
"578","Plant12",3,6,42
"579","Plant13",3,2,42
"580","Plant14",1,5,42
"581","Plant2",50,20,42
"582","Plant3",27,15,42
"583","Plant4",11,12,42
"584","Plant5",3,14,42
"585","Plant6",22,9,42
"586","Plant7",6,0,42
"587","Plant8",9,4,42
"588","Plant9",6,7,42
"589","Plant1",6,42,43
"590","Plant10",4,3,43
"591","Plant11",12,11,43
"592","Plant12",3,7,43
"593","Plant13",3,2,43
"594","Plant14",1,1,43
"595","Plant2",50,20,43
"596","Plant3",27,11,43
"597","Plant4",11,10,43
"598","Plant5",3,10,43
"599","Plant6",22,11,43
"600","Plant7",6,0,43
"601","Plant8",9,8,43
"602","Plant9",6,9,43
"603","Plant1",6,48,44
"604","Plant10",4,5,44
"605","Plant11",12,9,44
"606","Plant12",3,5,44
"607","Plant13",3,3,44
"608","Plant14",1,2,44
"609","Plant2",50,17,44
"610","Plant3",27,12,44
"611","Plant4",11,8,44
"612","Plant5",3,12,44
"613","Plant6",22,9,44
"614","Plant7",6,2,44
"615","Plant8",9,8,44
"616","Plant9",6,6,44
"617","Plant1",6,36,45
"618","Plant10",4,6,45
"619","Plant11",12,12,45
"620","Plant12",3,9,45
"621","Plant13",3,4,45
"622","Plant14",1,2,45
"623","Plant2",50,18,45
"624","Plant3",27,15,45
"625","Plant4",11,15,45
"626","Plant5",3,16,45
"627","Plant6",22,15,45
"628","Plant7",6,2,45
"629","Plant8",9,7,45
"630","Plant9",6,9,45
"631","Plant1",6,35,46
"632","Plant10",4,5,46
"633","Plant11",12,6,46
"634","Plant12",3,6,46
"635","Plant13",3,4,46
"636","Plant14",1,2,46
"637","Plant2",50,18,46
"638","Plant3",27,15,46
"639","Plant4",11,9,46
"640","Plant5",3,10,46
"641","Plant6",22,10,46
"642","Plant7",6,5,46
"643","Plant8",9,12,46
"644","Plant9",6,11,46
"645","Plant1",6,50,47
"646","Plant10",4,6,47
"647","Plant11",12,11,47
"648","Plant12",3,7,47
"649","Plant13",3,6,47
"650","Plant14",1,3,47
"651","Plant2",50,9,47
"652","Plant3",27,12,47
"653","Plant4",11,8,47
"654","Plant5",3,11,47
"655","Plant6",22,13,47
"656","Plant7",6,2,47
"657","Plant8",9,7,47
"658","Plant9",6,10,47
"659","Plant1",6,46,48
"660","Plant10",4,6,48
"661","Plant11",12,8,48
"662","Plant12",3,5,48
"663","Plant13",3,2,48
"664","Plant14",1,1,48
"665","Plant2",50,14,48
"666","Plant3",27,21,48
"667","Plant4",11,17,48
"668","Plant5",3,11,48
"669","Plant6",22,15,48
"670","Plant7",6,1,48
"671","Plant8",9,9,48
"672","Plant9",6,12,48
"673","Plant1",6,44,49
"674","Plant10",4,6,49
"675","Plant11",12,14,49
"676","Plant12",3,5,49
"677","Plant13",3,2,49
"678","Plant14",1,8,49
"679","Plant2",50,13,49
"680","Plant3",27,16,49
"681","Plant4",11,10,49
"682","Plant5",3,10,49
"683","Plant6",22,8,49
"684","Plant7",6,1,49
"685","Plant8",9,12,49
"686","Plant9",6,7,49
"687","Plant1",6,33,50
"688","Plant10",4,6,50
"689","Plant11",12,10,50
"690","Plant12",3,7,50
"691","Plant13",3,0,50
"692","Plant14",1,1,50
"693","Plant2",50,14,50
"694","Plant3",27,14,50
"695","Plant4",11,15,50
"696","Plant5",3,13,50
"697","Plant6",22,10,50
"698","Plant7",6,1,50
"699","Plant8",9,11,50
"700","Plant9",6,9,50
"701","Plant1",6,40,51
"702","Plant10",4,7,51
"703","Plant11",12,12,51
"704","Plant12",3,11,51
"705","Plant13",3,5,51
"706","Plant14",1,2,51
"707","Plant2",50,18,51
"708","Plant3",27,19,51
"709","Plant4",11,11,51
"710","Plant5",3,15,51
"711","Plant6",22,16,51
"712","Plant7",6,0,51
"713","Plant8",9,5,51
"714","Plant9",6,9,51
"715","Plant1",6,34,52
"716","Plant10",4,3,52
"717","Plant11",12,11,52
"718","Plant12",3,7,52
"719","Plant13",3,6,52
"720","Plant14",1,0,52
"721","Plant2",50,18,52
"722","Plant3",27,14,52
"723","Plant4",11,9,52
"724","Plant5",3,13,52
"725","Plant6",22,7,52
"726","Plant7",6,2,52
"727","Plant8",9,5,52
"728","Plant9",6,11,52
"729","Plant1",6,44,53
"730","Plant10",4,7,53
"731","Plant11",12,12,53
"732","Plant12",3,10,53
"733","Plant13",3,3,53
"734","Plant14",1,3,53
"735","Plant2",50,20,53
"736","Plant3",27,12,53
"737","Plant4",11,17,53
"738","Plant5",3,14,53
"739","Plant6",22,10,53
"740","Plant7",6,0,53
"741","Plant8",9,10,53
"742","Plant9",6,4,53
"743","Plant1",6,41,54
"744","Plant10",4,4,54
"745","Plant11",12,8,54
"746","Plant12",3,4,54
"747","Plant13",3,0,54
"748","Plant14",1,0,54
"749","Plant2",50,17,54
"750","Plant3",27,10,54
"751","Plant4",11,13,54
"752","Plant5",3,11,54
"753","Plant6",22,11,54
"754","Plant7",6,3,54
"755","Plant8",9,6,54
"756","Plant9",6,9,54
"757","Plant1",6,38,55
"758","Plant10",4,5,55
"759","Plant11",12,10,55
"760","Plant12",3,11,55
"761","Plant13",3,6,55
"762","Plant14",1,1,55
"763","Plant2",50,19,55
"764","Plant3",27,5,55
"765","Plant4",11,8,55
"766","Plant5",3,11,55
"767","Plant6",22,10,55
"768","Plant7",6,1,55
"769","Plant8",9,11,55
"770","Plant9",6,8,55
"771","Plant1",6,32,56
"772","Plant10",4,7,56
"773","Plant11",12,9,56
"774","Plant12",3,6,56
"775","Plant13",3,2,56
"776","Plant14",1,1,56
"777","Plant2",50,18,56
"778","Plant3",27,16,56
"779","Plant4",11,17,56
"780","Plant5",3,11,56
"781","Plant6",22,13,56
"782","Plant7",6,1,56
"783","Plant8",9,10,56
"784","Plant9",6,11,56
"785","Plant1",6,47,57
"786","Plant10",4,2,57
"787","Plant11",12,9,57
"788","Plant12",3,7,57
"789","Plant13",3,3,57
"790","Plant14",1,1,57
"791","Plant2",50,17,57
"792","Plant3",27,13,57
"793","Plant4",11,14,57
"794","Plant5",3,12,57
"795","Plant6",22,12,57
"796","Plant7",6,1,57
"797","Plant8",9,10,57
"798","Plant9",6,3,57
"799","Plant1",6,40,58
"800","Plant10",4,6,58
"801","Plant11",12,12,58
"802","Plant12",3,7,58
"803","Plant13",3,2,58
"804","Plant14",1,4,58
"805","Plant2",50,14,58
"806","Plant3",27,7,58
"807","Plant4",11,11,58
"808","Plant5",3,15,58
"809","Plant6",22,10,58
"810","Plant7",6,4,58
"811","Plant8",9,9,58
"812","Plant9",6,11,58
"813","Plant1",6,34,59
"814","Plant10",4,5,59
"815","Plant11",12,14,59
"816","Plant12",3,9,59
"817","Plant13",3,2,59
"818","Plant14",1,1,59
"819","Plant2",50,12,59
"820","Plant3",27,9,59
"821","Plant4",11,7,59
"822","Plant5",3,10,59
"823","Plant6",22,9,59
"824","Plant7",6,3,59
"825","Plant8",9,8,59
"826","Plant9",6,13,59
"827","Plant1",6,35,60
"828","Plant10",4,4,60
"829","Plant11",12,7,60
"830","Plant12",3,4,60
"831","Plant13",3,1,60
"832","Plant14",1,2,60
"833","Plant2",50,27,60
"834","Plant3",27,14,60
"835","Plant4",11,13,60
"836","Plant5",3,11,60
"837","Plant6",22,10,60
"838","Plant7",6,0,60
"839","Plant8",9,7,60
"840","Plant9",6,15,60
"841","Plant1",6,48,61
"842","Plant10",4,2,61
"843","Plant11",12,7,61
"844","Plant12",3,6,61
"845","Plant13",3,1,61
"846","Plant14",1,1,61
"847","Plant2",50,15,61
"848","Plant3",27,18,61
"849","Plant4",11,10,61
"850","Plant5",3,18,61
"851","Plant6",22,5,61
"852","Plant7",6,2,61
"853","Plant8",9,9,61
"854","Plant9",6,7,61
"855","Plant1",6,44,62
"856","Plant10",4,8,62
"857","Plant11",12,9,62
"858","Plant12",3,3,62
"859","Plant13",3,6,62
"860","Plant14",1,1,62
"861","Plant2",50,14,62
"862","Plant3",27,11,62
"863","Plant4",11,17,62
"864","Plant5",3,13,62
"865","Plant6",22,9,62
"866","Plant7",6,2,62
"867","Plant8",9,6,62
"868","Plant9",6,10,62
"869","Plant1",6,37,63
"870","Plant10",4,7,63
"871","Plant11",12,13,63
"872","Plant12",3,6,63
"873","Plant13",3,2,63
"874","Plant14",1,0,63
"875","Plant2",50,12,63
"876","Plant3",27,11,63
"877","Plant4",11,12,63
"878","Plant5",3,11,63
"879","Plant6",22,9,63
"880","Plant7",6,1,63
"881","Plant8",9,9,63
"882","Plant9",6,5,63
"883","Plant1",6,44,64
"884","Plant10",4,10,64
"885","Plant11",12,7,64
"886","Plant12",3,9,64
"887","Plant13",3,6,64
"888","Plant14",1,1,64
"889","Plant2",50,12,64
"890","Plant3",27,13,64
"891","Plant4",11,11,64
"892","Plant5",3,11,64
"893","Plant6",22,9,64
"894","Plant7",6,1,64
"895","Plant8",9,13,64
"896","Plant9",6,11,64
"897","Plant1",6,34,65
"898","Plant10",4,4,65
"899","Plant11",12,13,65
"900","Plant12",3,10,65
"901","Plant13",3,10,65
"902","Plant14",1,1,65
"903","Plant2",50,18,65
"904","Plant3",27,16,65
"905","Plant4",11,11,65
"906","Plant5",3,10,65
"907","Plant6",22,11,65
"908","Plant7",6,1,65
"909","Plant8",9,8,65
"910","Plant9",6,12,65
"911","Plant1",6,44,66
"912","Plant10",4,6,66
"913","Plant11",12,11,66
"914","Plant12",3,5,66
"915","Plant13",3,0,66
"916","Plant14",1,0,66
"917","Plant2",50,11,66
"918","Plant3",27,9,66
"919","Plant4",11,7,66
"920","Plant5",3,8,66
"921","Plant6",22,9,66
"922","Plant7",6,3,66
"923","Plant8",9,9,66
"924","Plant9",6,13,66
"925","Plant1",6,43,67
"926","Plant10",4,2,67
"927","Plant11",12,5,67
"928","Plant12",3,11,67
"929","Plant13",3,5,67
"930","Plant14",1,1,67
"931","Plant2",50,12,67
"932","Plant3",27,14,67
"933","Plant4",11,13,67
"934","Plant5",3,9,67
"935","Plant6",22,9,67
"936","Plant7",6,6,67
"937","Plant8",9,5,67
"938","Plant9",6,10,67
"939","Plant1",6,37,68
"940","Plant10",4,4,68
"941","Plant11",12,8,68
"942","Plant12",3,7,68
"943","Plant13",3,5,68
"944","Plant14",1,2,68
"945","Plant2",50,16,68
"946","Plant3",27,16,68
"947","Plant4",11,11,68
"948","Plant5",3,15,68
"949","Plant6",22,7,68
"950","Plant7",6,1,68
"951","Plant8",9,13,68
"952","Plant9",6,4,68
"953","Plant1",6,36,69
"954","Plant10",4,3,69
"955","Plant11",12,7,69
"956","Plant12",3,9,69
"957","Plant13",3,2,69
"958","Plant14",1,2,69
"959","Plant2",50,14,69
"960","Plant3",27,18,69
"961","Plant4",11,13,69
"962","Plant5",3,12,69
"963","Plant6",22,12,69
"964","Plant7",6,0,69
"965","Plant8",9,7,69
"966","Plant9",6,5,69
"967","Plant1",6,46,70
"968","Plant10",4,3,70
"969","Plant11",12,6,70
"970","Plant12",3,7,70
"971","Plant13",3,3,70
"972","Plant14",1,4,70
"973","Plant2",50,19,70
"974","Plant3",27,16,70
"975","Plant4",11,13,70
"976","Plant5",3,14,70
"977","Plant6",22,10,70
"978","Plant7",6,3,70
"979","Plant8",9,6,70
"980","Plant9",6,9,70
"981","Plant1",6,43,71
"982","Plant10",4,7,71
"983","Plant11",12,9,71
"984","Plant12",3,6,71
"985","Plant13",3,5,71
"986","Plant14",1,1,71
"987","Plant2",50,15,71
"988","Plant3",27,14,71
"989","Plant4",11,14,71
"990","Plant5",3,12,71
"991","Plant6",22,9,71
"992","Plant7",6,2,71
"993","Plant8",9,9,71
"994","Plant9",6,7,71
"995","Plant1",6,35,72
"996","Plant10",4,6,72
"997","Plant11",12,4,72
"998","Plant12",3,10,72
"999","Plant13",3,7,72
"1000","Plant14",1,1,72
"1001","Plant2",50,13,72
"1002","Plant3",27,18,72
"1003","Plant4",11,11,72
"1004","Plant5",3,17,72
"1005","Plant6",22,7,72
"1006","Plant7",6,1,72
"1007","Plant8",9,7,72
"1008","Plant9",6,9,72
"1009","Plant1",6,39,73
"1010","Plant10",4,7,73
"1011","Plant11",12,8,73
"1012","Plant12",3,8,73
"1013","Plant13",3,7,73
"1014","Plant14",1,1,73
"1015","Plant2",50,18,73
"1016","Plant3",27,14,73
"1017","Plant4",11,16,73
"1018","Plant5",3,9,73
"1019","Plant6",22,7,73
"1020","Plant7",6,1,73
"1021","Plant8",9,16,73
"1022","Plant9",6,8,73
"1023","Plant1",6,42,74
"1024","Plant10",4,4,74
"1025","Plant11",12,6,74
"1026","Plant12",3,14,74
"1027","Plant13",3,2,74
"1028","Plant14",1,1,74
"1029","Plant2",50,22,74
"1030","Plant3",27,17,74
"1031","Plant4",11,14,74
"1032","Plant5",3,9,74
"1033","Plant6",22,7,74
"1034","Plant7",6,1,74
"1035","Plant8",9,8,74
"1036","Plant9",6,6,74
"1037","Plant1",6,38,75
"1038","Plant10",4,7,75
"1039","Plant11",12,12,75
"1040","Plant12",3,8,75
"1041","Plant13",3,3,75
"1042","Plant14",1,1,75
"1043","Plant2",50,12,75
"1044","Plant3",27,17,75
"1045","Plant4",11,14,75
"1046","Plant5",3,11,75
"1047","Plant6",22,12,75
"1048","Plant7",6,3,75
"1049","Plant8",9,8,75
"1050","Plant9",6,10,75
"1051","Plant1",6,44,76
"1052","Plant10",4,6,76
"1053","Plant11",12,8,76
"1054","Plant12",3,7,76
"1055","Plant13",3,7,76
"1056","Plant14",1,0,76
"1057","Plant2",50,16,76
"1058","Plant3",27,11,76
"1059","Plant4",11,11,76
"1060","Plant5",3,13,76
"1061","Plant6",22,10,76
"1062","Plant7",6,3,76
"1063","Plant8",9,10,76
"1064","Plant9",6,8,76
"1065","Plant1",6,38,77
"1066","Plant10",4,4,77
"1067","Plant11",12,16,77
"1068","Plant12",3,7,77
"1069","Plant13",3,3,77
"1070","Plant14",1,1,77
"1071","Plant2",50,14,77
"1072","Plant3",27,16,77
"1073","Plant4",11,9,77
"1074","Plant5",3,9,77
"1075","Plant6",22,8,77
"1076","Plant7",6,1,77
"1077","Plant8",9,11,77
"1078","Plant9",6,9,77
"1079","Plant1",6,41,78
"1080","Plant10",4,5,78
"1081","Plant11",12,14,78
"1082","Plant12",3,9,78
"1083","Plant13",3,5,78
"1084","Plant14",1,1,78
"1085","Plant2",50,19,78
"1086","Plant3",27,14,78
"1087","Plant4",11,10,78
"1088","Plant5",3,13,78
"1089","Plant6",22,7,78
"1090","Plant7",6,4,78
"1091","Plant8",9,9,78
"1092","Plant9",6,8,78
"1093","Plant1",6,37,79
"1094","Plant10",4,9,79
"1095","Plant11",12,10,79
"1096","Plant12",3,7,79
"1097","Plant13",3,4,79
"1098","Plant14",1,2,79
"1099","Plant2",50,14,79
"1100","Plant3",27,16,79
"1101","Plant4",11,13,79
"1102","Plant5",3,14,79
"1103","Plant6",22,12,79
"1104","Plant7",6,4,79
"1105","Plant8",9,7,79
"1106","Plant9",6,8,79
"1107","Plant1",6,41,80
"1108","Plant10",4,5,80
"1109","Plant11",12,14,80
"1110","Plant12",3,5,80
"1111","Plant13",3,8,80
"1112","Plant14",1,4,80
"1113","Plant2",50,16,80
"1114","Plant3",27,12,80
"1115","Plant4",11,10,80
"1116","Plant5",3,11,80
"1117","Plant6",22,13,80
"1118","Plant7",6,1,80
"1119","Plant8",9,9,80
"1120","Plant9",6,7,80
"1121","Plant1",6,43,81
"1122","Plant10",4,2,81
"1123","Plant11",12,10,81
"1124","Plant12",3,10,81
"1125","Plant13",3,5,81
"1126","Plant14",1,4,81
"1127","Plant2",50,13,81
"1128","Plant3",27,10,81
"1129","Plant4",11,7,81
"1130","Plant5",3,12,81
"1131","Plant6",22,8,81
"1132","Plant7",6,3,81
"1133","Plant8",9,7,81
"1134","Plant9",6,11,81
"1135","Plant1",6,40,82
"1136","Plant10",4,6,82
"1137","Plant11",12,13,82
"1138","Plant12",3,6,82
"1139","Plant13",3,2,82
"1140","Plant14",1,1,82
"1141","Plant2",50,19,82
"1142","Plant3",27,10,82
"1143","Plant4",11,15,82
"1144","Plant5",3,19,82
"1145","Plant6",22,18,82
"1146","Plant7",6,0,82
"1147","Plant8",9,9,82
"1148","Plant9",6,11,82
"1149","Plant1",6,35,83
"1150","Plant10",4,5,83
"1151","Plant11",12,7,83
"1152","Plant12",3,9,83
"1153","Plant13",3,1,83
"1154","Plant14",1,2,83
"1155","Plant2",50,16,83
"1156","Plant3",27,13,83
"1157","Plant4",11,9,83
"1158","Plant5",3,16,83
"1159","Plant6",22,21,83
"1160","Plant7",6,3,83
"1161","Plant8",9,9,83
"1162","Plant9",6,10,83
"1163","Plant1",6,43,84
"1164","Plant10",4,6,84
"1165","Plant11",12,10,84
"1166","Plant12",3,8,84
"1167","Plant13",3,3,84
"1168","Plant14",1,3,84
"1169","Plant2",50,18,84
"1170","Plant3",27,12,84
"1171","Plant4",11,7,84
"1172","Plant5",3,10,84
"1173","Plant6",22,16,84
"1174","Plant7",6,1,84
"1175","Plant8",9,8,84
"1176","Plant9",6,5,84
"1177","Plant1",6,47,85
"1178","Plant10",4,8,85
"1179","Plant11",12,6,85
"1180","Plant12",3,7,85
"1181","Plant13",3,2,85
"1182","Plant14",1,3,85
"1183","Plant2",50,17,85
"1184","Plant3",27,8,85
"1185","Plant4",11,8,85
"1186","Plant5",3,21,85
"1187","Plant6",22,9,85
"1188","Plant7",6,3,85
"1189","Plant8",9,14,85
"1190","Plant9",6,6,85
"1191","Plant1",6,43,86
"1192","Plant10",4,4,86
"1193","Plant11",12,10,86
"1194","Plant12",3,4,86
"1195","Plant13",3,5,86
"1196","Plant14",1,0,86
"1197","Plant2",50,18,86
"1198","Plant3",27,22,86
"1199","Plant4",11,19,86
"1200","Plant5",3,9,86
"1201","Plant6",22,15,86
"1202","Plant7",6,1,86
"1203","Plant8",9,10,86
"1204","Plant9",6,8,86
"1205","Plant1",6,42,87
"1206","Plant10",4,6,87
"1207","Plant11",12,11,87
"1208","Plant12",3,8,87
"1209","Plant13",3,3,87
"1210","Plant14",1,1,87
"1211","Plant2",50,14,87
"1212","Plant3",27,14,87
"1213","Plant4",11,9,87
"1214","Plant5",3,7,87
"1215","Plant6",22,6,87
"1216","Plant7",6,3,87
"1217","Plant8",9,5,87
"1218","Plant9",6,10,87
"1219","Plant1",6,43,88
"1220","Plant10",4,6,88
"1221","Plant11",12,9,88
"1222","Plant12",3,8,88
"1223","Plant13",3,1,88
"1224","Plant14",1,2,88
"1225","Plant2",50,14,88
"1226","Plant3",27,20,88
"1227","Plant4",11,7,88
"1228","Plant5",3,15,88
"1229","Plant6",22,7,88
"1230","Plant7",6,1,88
"1231","Plant8",9,7,88
"1232","Plant9",6,13,88
"1233","Plant1",6,43,89
"1234","Plant10",4,2,89
"1235","Plant11",12,10,89
"1236","Plant12",3,10,89
"1237","Plant13",3,6,89
"1238","Plant14",1,1,89
"1239","Plant2",50,21,89
"1240","Plant3",27,11,89
"1241","Plant4",11,12,89
"1242","Plant5",3,9,89
"1243","Plant6",22,12,89
"1244","Plant7",6,1,89
"1245","Plant8",9,8,89
"1246","Plant9",6,10,89
"1247","Plant1",6,41,90
"1248","Plant10",4,8,90
"1249","Plant11",12,10,90
"1250","Plant12",3,11,90
"1251","Plant13",3,3,90
"1252","Plant14",1,2,90
"1253","Plant2",50,19,90
"1254","Plant3",27,13,90
"1255","Plant4",11,13,90
"1256","Plant5",3,14,90
"1257","Plant6",22,14,90
"1258","Plant7",6,1,90
"1259","Plant8",9,12,90
"1260","Plant9",6,8,90
"1261","Plant1",6,50,91
"1262","Plant10",4,5,91
"1263","Plant11",12,7,91
"1264","Plant12",3,8,91
"1265","Plant13",3,6,91
"1266","Plant14",1,2,91
"1267","Plant2",50,11,91
"1268","Plant3",27,12,91
"1269","Plant4",11,17,91
"1270","Plant5",3,10,91
"1271","Plant6",22,3,91
"1272","Plant7",6,9,91
"1273","Plant8",9,9,91
"1274","Plant9",6,6,91
"1275","Plant1",6,42,92
"1276","Plant10",4,2,92
"1277","Plant11",12,6,92
"1278","Plant12",3,9,92
"1279","Plant13",3,3,92
"1280","Plant14",1,3,92
"1281","Plant2",50,14,92
"1282","Plant3",27,9,92
"1283","Plant4",11,15,92
"1284","Plant5",3,11,92
"1285","Plant6",22,10,92
"1286","Plant7",6,1,92
"1287","Plant8",9,9,92
"1288","Plant9",6,10,92
"1289","Plant1",6,49,93
"1290","Plant10",4,3,93
"1291","Plant11",12,9,93
"1292","Plant12",3,5,93
"1293","Plant13",3,0,93
"1294","Plant14",1,5,93
"1295","Plant2",50,17,93
"1296","Plant3",27,12,93
"1297","Plant4",11,11,93
"1298","Plant5",3,10,93
"1299","Plant6",22,14,93
"1300","Plant7",6,0,93
"1301","Plant8",9,12,93
"1302","Plant9",6,6,93
"1303","Plant1",6,36,94
"1304","Plant10",4,2,94
"1305","Plant11",12,12,94
"1306","Plant12",3,6,94
"1307","Plant13",3,3,94
"1308","Plant14",1,2,94
"1309","Plant2",50,18,94
"1310","Plant3",27,23,94
"1311","Plant4",11,9,94
"1312","Plant5",3,16,94
"1313","Plant6",22,8,94
"1314","Plant7",6,3,94
"1315","Plant8",9,5,94
"1316","Plant9",6,12,94
"1317","Plant1",6,44,95
"1318","Plant10",4,5,95
"1319","Plant11",12,9,95
"1320","Plant12",3,5,95
"1321","Plant13",3,2,95
"1322","Plant14",1,1,95
"1323","Plant2",50,24,95
"1324","Plant3",27,12,95
"1325","Plant4",11,17,95
"1326","Plant5",3,8,95
"1327","Plant6",22,10,95
"1328","Plant7",6,3,95
"1329","Plant8",9,11,95
"1330","Plant9",6,9,95
"1331","Plant1",6,44,96
"1332","Plant10",4,4,96
"1333","Plant11",12,4,96
"1334","Plant12",3,8,96
"1335","Plant13",3,7,96
"1336","Plant14",1,2,96
"1337","Plant2",50,22,96
"1338","Plant3",27,17,96
"1339","Plant4",11,10,96
"1340","Plant5",3,13,96
"1341","Plant6",22,13,96
"1342","Plant7",6,2,96
"1343","Plant8",9,6,96
"1344","Plant9",6,9,96
"1345","Plant1",6,44,97
"1346","Plant10",4,6,97
"1347","Plant11",12,10,97
"1348","Plant12",3,12,97
"1349","Plant13",3,5,97
"1350","Plant14",1,2,97
"1351","Plant2",50,12,97
"1352","Plant3",27,14,97
"1353","Plant4",11,13,97
"1354","Plant5",3,13,97
"1355","Plant6",22,10,97
"1356","Plant7",6,1,97
"1357","Plant8",9,10,97
"1358","Plant9",6,12,97
"1359","Plant1",6,36,98
"1360","Plant10",4,5,98
"1361","Plant11",12,10,98
"1362","Plant12",3,8,98
"1363","Plant13",3,3,98
"1364","Plant14",1,4,98
"1365","Plant2",50,14,98
"1366","Plant3",27,9,98
"1367","Plant4",11,14,98
"1368","Plant5",3,9,98
"1369","Plant6",22,6,98
"1370","Plant7",6,3,98
"1371","Plant8",9,9,98
"1372","Plant9",6,9,98
"1373","Plant1",6,47,99
"1374","Plant10",4,3,99
"1375","Plant11",12,10,99
"1376","Plant12",3,6,99
"1377","Plant13",3,3,99
"1378","Plant14",1,1,99
"1379","Plant2",50,9,99
"1380","Plant3",27,9,99
"1381","Plant4",11,9,99
"1382","Plant5",3,13,99
"1383","Plant6",22,14,99
"1384","Plant7",6,2,99
"1385","Plant8",9,10,99
"1386","Plant9",6,7,99
"1387","Plant1",6,41,100
"1388","Plant10",4,9,100
"1389","Plant11",12,12,100
"1390","Plant12",3,9,100
"1391","Plant13",3,4,100
"1392","Plant14",1,0,100
"1393","Plant2",50,14,100
"1394","Plant3",27,17,100
"1395","Plant4",11,10,100
"1396","Plant5",3,12,100
"1397","Plant6",22,13,100
"1398","Plant7",6,5,100
"1399","Plant8",9,10,100
"1400","Plant9",6,8,100
